gender,first name,last name,age,city,state,country
female,Olive,White,60,Whanganui,Waikato,New Zealand
male,Giuseppe,Schmitt,68,Sierre,Genève,Switzerland
male,Barış,Bademci,29,Manisa,Bingöl,Turkey
male,Owen,Tremblay,73,New Glasgow,New Brunswick,Canada
male,احسان,حسینی,26,ایلام,ایلام,Iran
female,Ella,Taylor,42,Tauranga,Nelson,New Zealand
female,Isabelle,Clarke,61,Auckland,Southland,New Zealand
male,Bruno,Legrand,55,Oberhallau,Jura,Switzerland
female,Amélie,Da Silva,40,Versailles,Haute-Vienne,France
female,محیا,كامياران,36,قائم‌شهر,بوشهر,Iran
male,Alban,Chevalier,63,Aubervilliers,Alpes-de-Haute-Provence,France
female,Christiana,Jacobsen,59,Falkenberg/Elster,Bremen,Germany
female,Ilza,Caldeira,52,São Paulo,Santa Catarina,Brazil
male,Nazario,Echeverría,68,El Capomo,Tabasco,Mexico
male,Daniel,Li,71,Aylmer,New Brunswick,Canada
male,Jorge,Fernandez,30,Nampa,Utah,United States
male,Pedro,Torres,27,Vigo,Andalucía,Spain
male,Jake,Williams,53,Porirua,Canterbury,New Zealand
female,Emily,Mortensen,72,Lundby,Nordjylland,Denmark
male,Sacha,Adam,36,Reims,Yonne,France
female,Pihla,Salonen,59,Finström,Päijät-Häme,Finland
male,Magne,Skjold,74,Hesseng,Sogn og Fjordane,Norway
female,Nina,Mišković,39,Pećinci,Pčinja,Serbia
female,Ilona,Seppanen,70,Nurmijärvi,Päijät-Häme,Finland
male,Jimi,Wuollet,64,Rautalampi,Northern Savonia,Finland
female,Kashvi,Dalvi,56,Thanjavur,Tamil Nadu,India
female,Begoña,Herrero,65,Móstoles,Melilla,Spain
male,Guneet,Kouser,51,Khandwa,Kerala,India
male,Freddie,Shaw,46,Armagh,West Midlands,United Kingdom
female,Mia,Mercier,33,Paris,Isère,France
male,Wayne,Fuller,33,Fremont,Virginia,United States
male,Jesper,Kvinnesland,25,Halden,Trøndelag,Norway
male,Ognjen,Nemanjić,48,Rekovac,Kosovska Mitrovica,Serbia
male,Gregory,Fox,50,Jacksonville,Maryland,United States
male,Silvan,Lefevre,60,Bözen,Zug,Switzerland
male,آراد,جعفری,65,پاکدشت,هرمزگان,Iran
female,Izolda,Ignjatović,69,Merošina,Prizren,Serbia
male,Andrés,Santiago,68,Alcobendas,Extremadura,Spain
female,Zora,Zeljković,23,Ub,Mačva,Serbia
male,Pat,Mason,63,Scottsdale,Vermont,United States
male,Ravn,Leiknes,39,Krossberg,Aust-Agder,Norway
female,Isobel,Martin,77,Hamilton,Canterbury,New Zealand
female,Eloisa,Jimínez,26,El Fresno,Colima,Mexico
male,Rasmus,Wallo,66,Mariehamn,North Karelia,Finland
female,Selin,Roussel,25,Birrhard,Basel-Stadt,Switzerland
male,Jorge,George,71,Salford,Leicestershire,United Kingdom
male,Troy,Mcdonalid,51,Celina,Michigan,United States
male,Jeet,Hiremath,48,Bhavnagar,Maharashtra,India
male,Darren,Perry,32,Hervey Bay,New South Wales,Australia
female,فاطمه,کامروا,71,قرچک,همدان,Iran
female,Rose,Smith,56,Tauranga,Nelson,New Zealand
male,Adán,Benavídez,57,Cananea,Michoacan,Mexico
male,Onur,Yeşilkaya,78,Kahramanmaraş,Edirne,Turkey
male,Philip,Simon,71,Bellikon,Glarus,Switzerland
female,سوگند,رضاییان,73,زنجان,چهارمحال و بختیاری,Iran
female,Oliwia,Gjestad,27,Måløy,Møre og Romsdal,Norway
female,Olja,Vilotić,51,Kikinda,South Banat,Serbia
male,Özkan,Yazıcı,66,Aydın,Sivas,Turkey
male,Balendra,Gamskar,73,Chandrapur,Meghalaya,India
male,Hugo,Fernández,46,Torrevieja,Castilla y León,Spain
female,Olivia,Harris,76,Georgetown,Northwest Territories,Canada
female,Deborah,Fitzgerald,45,Castlebar,Waterford,Ireland
female,Diane,Kelley,61,Derby,Tyne and Wear,United Kingdom
female,Ana María,Casanova,26,Tacámbaro,Colima,Mexico
male,Javier,Vicente,43,Madrid,País Vasco,Spain
female,Afet,Tekand,44,Adana,Niğde,Turkey
male,Por,Revuckiy,43,Bokovo-Hrustalne,Zakarpatska,Ukraine
male,Nico,Pomp,78,Eys,Friesland,Netherlands
female,Sarina,Enderle,24,Falkenstein/Vogtl.,Niedersachsen,Germany
female,Suhasini,Pai,54,Suryapet,Himachal Pradesh,India
male,Girão,Freitas,57,Belo Horizonte,Mato Grosso,Brazil
male,Leónidas,da Cruz,31,Mogi das Cruzes,Paraná,Brazil
male,Gagan,Kouser,25,Chennai,Jharkhand,India
male,Carl,Christensen,54,Overby Lyng,Nordjylland,Denmark
female,Veera,Hatala,27,Tervola,Uusimaa,Finland
female,Nicoline,Landa,46,Kvaløysletta,Sogn og Fjordane,Norway
female,Carol,Spencer,63,Aberdeen,Borders,United Kingdom
female,Shabari,Shetty,76,Arrah,Odisha,India
female,Nora,Ahmed,74,Vatne,Hordaland,Norway
male,Lance,Garrett,57,Stevenage,West Glamorgan,United Kingdom
male,Ron,Webb,45,Ripon,Hampshire,United Kingdom
male,Xavier,Lévesque,26,Inwood,Prince Edward Island,Canada
male,Joshua,Gibson,74,Elgin,Nebraska,United States
female,Catalina,Gomes,42,São Paulo,Goiás,Brazil
female,Virginia,Zúñiga,46,Ciénaga de Flores,Baja California Sur,Mexico
female,Nadežda,Simić,66,Golubac,Mačva,Serbia
male,Elmer,Harris,69,Armagh,Strathclyde,United Kingdom
female,Emma,Roy,37,Beaumont,Nova Scotia,Canada
female,Maya,Roussel,25,Tours,Guyane,France
male,Deniz,Durak,79,Nevşehir,Artvin,Turkey
female,Igorina,Zhigalko,35,Pidgayci,Ivano-Frankivska,Ukraine
female,Ana Luisa,Barrios,32,Colonia Jecopaco,Nuevo Leon,Mexico
female,Peyton,Hall,53,Tauranga,Auckland,New Zealand
male,Stanley,May,24,Glendale,Connecticut,United States
male,Zhen,Blankers,37,Noordbeemster,Friesland,Netherlands
female,Melissa,Bell,27,Adelaide,Australian Capital Territory,Australia
female,Kristin,Fox,35,Plymouth,Somerset,United Kingdom
male,Bobby,Dean,76,Leixlip,Fingal,Ireland
male,Sandro,Fogaça,31,Pouso Alegre,Rio de Janeiro,Brazil
male,Simon,Johansen,79,Kongsvinger,Syddanmark,Denmark
male,Cecil,Matthews,75,Pearland,Oregon,United States
male,Tony,Lenz,57,Freyung-Grafenau,Rheinland-Pfalz,Germany
female,آیناز,یاسمی,68,زنجان,بوشهر,Iran
female,Tilde,Nielsen,61,Ryslinge,Midtjylland,Denmark
male,Daniele,Bonnet,24,Weggis,Genève,Switzerland
female,Brankica,Lučić,59,Bela Palanka,Braničevo,Serbia
female,Ivy,Robinson,78,Blenheim,Otago,New Zealand
female,Kübra,Çağıran,75,Iğdır,Şırnak,Turkey
female,Chantal,Böhm,79,Bad Pyrmont,Bremen,Germany
female,Cläre,Seufert,27,Balingen,Sachsen,Germany
female,Kathy,Garza,65,Orange,New York,United States
female,Izzie,Oliver,43,Kilcock,Carlow,Ireland
female,نازنین,نجاتی,58,شیراز,کرمان,Iran
male,Juan Manuel,Pulido,66,Tenancingo,San Luis Potosí,Mexico
female,Bonnie,Van der Avoird,37,'t Goy,Noord-Holland,Netherlands
female,Lillian,Payne,71,Bangor,Norfolk,United Kingdom
male,Filipe,Leroux,47,Baltschieder,St. Gallen,Switzerland
male,Nagraj,Kaur,72,Anantapuram,Punjab,India
female,Jade,Garcia,65,Bettmeralp,St. Gallen,Switzerland
male,Zvonimir,Spasić,50,Štrpce,Peć,Serbia
male,Falan,Pai,70,Anantapur,Bihar,India
male,Jaroslaw,Erhard,62,Bad Honnef,Hessen,Germany
male,Birk,Kvernberg,76,Sandane,Oslo,Norway
female,Savannah,Singh,26,Timaru,Marlborough,New Zealand
female,Vladana,Šijan,45,Novi Pazar,Nišava,Serbia
female,Alexandra,Kirsch,77,Hillesheim,Schleswig-Holstein,Germany
female,Jackie,Johnson,33,Brisbane,Australian Capital Territory,Australia
male,Udarsh,Keshri,40,Amroha,Kerala,India
male,Nelson,Parker,26,Temecula,Iowa,United States
female,Vanessa,Curtis,76,Sheffield,Dumfries and Galloway,United Kingdom
female,Karina,de la Fuente,58,Chalco,Chiapas,Mexico
female,Henriette,Jean,70,Augst,Jura,Switzerland
female,Ece,Ağaoğlu,59,Erzurum,Erzurum,Turkey
female,Felicia,Watson,50,Bowral,Western Australia,Australia
male,Aiden,Wong,48,New Glasgow,Prince Edward Island,Canada
male,Davut,Atan,66,Bilecik,Osmaniye,Turkey
male,Gorimir,Dombrovskiy,27,Bibrka,Zhitomirska,Ukraine
male,Javier,Monroy,32,Juan José Ríos,Nayarit,Mexico
male,Mikolaj,Lysø,59,Kviteseid,Nordland,Norway
male,Andrej,Wulf,58,Bad Marienberg (Westerwald),Schleswig-Holstein,Germany
male,Alexander,Mitchell,33,Woodstock,Manitoba,Canada
male,Rayaan,Patil,44,Aligarh,Lakshadweep,India
male,Joel,Lassila,61,Helsinki,Lapland,Finland
female,Jasmine,Meyer,32,Rheineck,Obwalden,Switzerland
female,فاطمه,حیدری,29,تبریز,اصفهان,Iran
male,August,Madsen,49,Agerbæk,Sjælland,Denmark
male,Giray,Sepetçi,50,Eskişehir,Muğla,Turkey
male,Emiliano,Nazario,63,San Tiburcio,Guanajuato,Mexico
female,Dione,Peixoto,36,Balneário Camboriú,Tocantins,Brazil
male,Ryan,Fortin,64,Delisle,Nova Scotia,Canada
female,Kalina,Teteruk,63,Bila Cerkva,Poltavska,Ukraine
female,Nanna,Lorentsen,77,Visnes,Oslo,Norway
female,Noelle,Raval,70,Pallavaram,Tripura,India
female,Silvana,Oliveira,34,Botucatu,Alagoas,Brazil
male,Manuel,Larson,55,Stoke-on-Trent,Lancashire,United Kingdom
female,کیانا,نكو نظر,39,سبزوار,البرز,Iran
female,غزل,موسوی,73,اردبیل,گلستان,Iran
male,Einar,Sandbakk,32,Koppang,Nordland,Norway
male,Valdemar,Jørgensen,70,Frederiksberg,Danmark,Denmark
male,Ljubisav,Radanović,57,Ražanj,Nišava,Serbia
